"","plotID","ID","typeSample","typeCode","timeSample","DiseaseStatus","manager.x","variety.x","DNA_Location","DNA_Plate","DNA_Row","DNA_Col","site","manager.y","managerPlotName","FHBresistance","block","variety.y","lat","long","harvestWeight.lbs","moistPerc","testWeight.lbsPerBu","yield.lbsPerAcre","harvestLength","FHBSeverity","FgTa.Mean","FgTa.SD","FgTa.CV","DON.Mean.R1","DON.CV.R1","DON.Mean.R2","DON.CV.R2"
"D01-T1","01","D01-T1","debris","D","T1","","Allen","495","P1-F11","P1","F","11","Urbana","Allen",NA,"8","1","AgriMaxx-495",40.0811,-88.224217,60.23,16.2,54,85.9271635,98.6,42.1375,0.319,0.203,63.695,0.682907417,24.17577361,1.339293896,4.033920915
"L01-T3","01","L01-T3","leaf","L","T3","","Allen","495","P1-E7","P1","E","7","Urbana","Allen",NA,"8","1","AgriMaxx-495",40.0811,-88.224217,60.23,16.2,54,85.9271635,98.6,42.1375,0.319,0.203,63.695,0.682907417,24.17577361,1.339293896,4.033920915
"H01-T5-LO","01","H01-T5-LO","head","H","T5","Lo","Allen","495","P3-D3","P3","D","3","Urbana","Allen",NA,"8","1","AgriMaxx-495",40.0811,-88.224217,60.23,16.2,54,85.9271635,98.6,42.1375,0.319,0.203,63.695,0.682907417,24.17577361,1.339293896,4.033920915
"H01-T3","01","H01-T3","head","H","T3","","Allen","495","P1-C12","P1","C","12","Urbana","Allen",NA,"8","1","AgriMaxx-495",40.0811,-88.224217,60.23,16.2,54,85.9271635,98.6,42.1375,0.319,0.203,63.695,0.682907417,24.17577361,1.339293896,4.033920915
"D01-T2","01","D01-T2","debris","D","T2","","Allen","495","P1-C6","P1","C","6","Urbana","Allen",NA,"8","1","AgriMaxx-495",40.0811,-88.224217,60.23,16.2,54,85.9271635,98.6,42.1375,0.319,0.203,63.695,0.682907417,24.17577361,1.339293896,4.033920915
"H01-T5-HI","01","H01-T5-HI","head","H","T5","Hi","Allen","495","P1-H1","P1","H","1","Urbana","Allen",NA,"8","1","AgriMaxx-495",40.0811,-88.224217,60.23,16.2,54,85.9271635,98.6,42.1375,0.319,0.203,63.695,0.682907417,24.17577361,1.339293896,4.033920915
"L01-T2","01","L01-T2","leaf","L","T2","","Allen","495","P1-C2","P1","C","2","Urbana","Allen",NA,"8","1","AgriMaxx-495",40.0811,-88.224217,60.23,16.2,54,85.9271635,98.6,42.1375,0.319,0.203,63.695,0.682907417,24.17577361,1.339293896,4.033920915
"L01-T4","01","L01-T4","leaf","L","T4","","Allen","495","P1-C4","P1","C","4","Urbana","Allen",NA,"8","1","AgriMaxx-495",40.0811,-88.224217,60.23,16.2,54,85.9271635,98.6,42.1375,0.319,0.203,63.695,0.682907417,24.17577361,1.339293896,4.033920915
"H01-T4","01","H01-T4","head","H","T4","","Allen","495","P2-H12","P2","H","12","Urbana","Allen",NA,"8","1","AgriMaxx-495",40.0811,-88.224217,60.23,16.2,54,85.9271635,98.6,42.1375,0.319,0.203,63.695,0.682907417,24.17577361,1.339293896,4.033920915
"L01-T1","01","L01-T1","leaf","L","T1","","Allen","495","P2-H2","P2","H","2","Urbana","Allen",NA,"8","1","AgriMaxx-495",40.0811,-88.224217,60.23,16.2,54,85.9271635,98.6,42.1375,0.319,0.203,63.695,0.682907417,24.17577361,1.339293896,4.033920915
"H02-T3","02","H02-T3","head","H","T3","","Allen","492","P2-D2","P2","D","2","Urbana","Allen",NA,"5","1","AgriMaxx-492",40.081033,-88.224233,63.23,16.7,54.5,90.12591455,98.1,26.45,0.238,0.134,56.334,0.640025256,14.23552536,1.300470376,6.580312031
"D02-T2","02","D02-T2","debris","D","T2","","Allen","492","P3-B7","P3","B","7","Urbana","Allen",NA,"5","1","AgriMaxx-492",40.081033,-88.224233,63.23,16.7,54.5,90.12591455,98.1,26.45,0.238,0.134,56.334,0.640025256,14.23552536,1.300470376,6.580312031
"L02-T1","02","L02-T1","leaf","L","T1","","Allen","492","P2-D6","P2","D","6","Urbana","Allen",NA,"5","1","AgriMaxx-492",40.081033,-88.224233,63.23,16.7,54.5,90.12591455,98.1,26.45,0.238,0.134,56.334,0.640025256,14.23552536,1.300470376,6.580312031
"H02-T5-LO","02","H02-T5-LO","head","H","T5","Lo","Allen","492","P1-H8","P1","H","8","Urbana","Allen",NA,"5","1","AgriMaxx-492",40.081033,-88.224233,63.23,16.7,54.5,90.12591455,98.1,26.45,0.238,0.134,56.334,0.640025256,14.23552536,1.300470376,6.580312031
"D02-T1","02","D02-T1","debris","D","T1","","Allen","492","P2-D8","P2","D","8","Urbana","Allen",NA,"5","1","AgriMaxx-492",40.081033,-88.224233,63.23,16.7,54.5,90.12591455,98.1,26.45,0.238,0.134,56.334,0.640025256,14.23552536,1.300470376,6.580312031
"L02-T3","02","L02-T3","leaf","L","T3","","Allen","492","P2-G6","P2","G","6","Urbana","Allen",NA,"5","1","AgriMaxx-492",40.081033,-88.224233,63.23,16.7,54.5,90.12591455,98.1,26.45,0.238,0.134,56.334,0.640025256,14.23552536,1.300470376,6.580312031
"L02-T2","02","L02-T2","leaf","L","T2","","Allen","492","P1-A5","P1","A","5","Urbana","Allen",NA,"5","1","AgriMaxx-492",40.081033,-88.224233,63.23,16.7,54.5,90.12591455,98.1,26.45,0.238,0.134,56.334,0.640025256,14.23552536,1.300470376,6.580312031
"H02-T4","02","H02-T4","head","H","T4","","Allen","492","P1-H9","P1","H","9","Urbana","Allen",NA,"5","1","AgriMaxx-492",40.081033,-88.224233,63.23,16.7,54.5,90.12591455,98.1,26.45,0.238,0.134,56.334,0.640025256,14.23552536,1.300470376,6.580312031
"L02-T4","02","L02-T4","leaf","L","T4","","Allen","492","P1-G5","P1","G","5","Urbana","Allen",NA,"5","1","AgriMaxx-492",40.081033,-88.224233,63.23,16.7,54.5,90.12591455,98.1,26.45,0.238,0.134,56.334,0.640025256,14.23552536,1.300470376,6.580312031
"H02-T5-HI","02","H02-T5-HI","head","H","T5","Hi","Allen","492","P2-E9","P2","E","9","Urbana","Allen",NA,"5","1","AgriMaxx-492",40.081033,-88.224233,63.23,16.7,54.5,90.12591455,98.1,26.45,0.238,0.134,56.334,0.640025256,14.23552536,1.300470376,6.580312031
"D03-T2","03","D03-T2","debris","D","T2","","Allen","505","P1-E3","P1","E","3","Urbana","Allen",NA,"9","1","AgriMaxx-505",40.080967,-88.224217,59.83,14.5,54,87.62127144,98,50.1,0.27,0.095,35.01,0.60323442,13.25367625,1.357409093,5.068663263
"L03-T3","03","L03-T3","leaf","L","T3","","Allen","505","P1-D9","P1","D","9","Urbana","Allen",NA,"9","1","AgriMaxx-505",40.080967,-88.224217,59.83,14.5,54,87.62127144,98,50.1,0.27,0.095,35.01,0.60323442,13.25367625,1.357409093,5.068663263
"H03-T3","03","H03-T3","head","H","T3","","Allen","505","P1-E5","P1","E","5","Urbana","Allen",NA,"9","1","AgriMaxx-505",40.080967,-88.224217,59.83,14.5,54,87.62127144,98,50.1,0.27,0.095,35.01,0.60323442,13.25367625,1.357409093,5.068663263
"H03-T5-LO","03","H03-T5-LO","head","H","T5","Lo","Allen","505","P1-B4","P1","B","4","Urbana","Allen",NA,"9","1","AgriMaxx-505",40.080967,-88.224217,59.83,14.5,54,87.62127144,98,50.1,0.27,0.095,35.01,0.60323442,13.25367625,1.357409093,5.068663263
"D03-T1","03","D03-T1","debris","D","T1","","Allen","505","P1-D5","P1","D","5","Urbana","Allen",NA,"9","1","AgriMaxx-505",40.080967,-88.224217,59.83,14.5,54,87.62127144,98,50.1,0.27,0.095,35.01,0.60323442,13.25367625,1.357409093,5.068663263
"L03-T1","03","L03-T1","leaf","L","T1","","Allen","505","P3-F2","P3","F","2","Urbana","Allen",NA,"9","1","AgriMaxx-505",40.080967,-88.224217,59.83,14.5,54,87.62127144,98,50.1,0.27,0.095,35.01,0.60323442,13.25367625,1.357409093,5.068663263
"H03-T4","03","H03-T4","head","H","T4","","Allen","505","P1-B5","P1","B","5","Urbana","Allen",NA,"9","1","AgriMaxx-505",40.080967,-88.224217,59.83,14.5,54,87.62127144,98,50.1,0.27,0.095,35.01,0.60323442,13.25367625,1.357409093,5.068663263
"L03-T4","03","L03-T4","leaf","L","T4","","Allen","505","P3-G4","P3","G","4","Urbana","Allen",NA,"9","1","AgriMaxx-505",40.080967,-88.224217,59.83,14.5,54,87.62127144,98,50.1,0.27,0.095,35.01,0.60323442,13.25367625,1.357409093,5.068663263
"L03-T2","03","L03-T2","leaf","L","T2","","Allen","505","P2-C7","P2","C","7","Urbana","Allen",NA,"9","1","AgriMaxx-505",40.080967,-88.224217,59.83,14.5,54,87.62127144,98,50.1,0.27,0.095,35.01,0.60323442,13.25367625,1.357409093,5.068663263
"H03-T5-HI","03","H03-T5-HI","head","H","T5","Hi","Allen","505","P2-G4","P2","G","4","Urbana","Allen",NA,"9","1","AgriMaxx-505",40.080967,-88.224217,59.83,14.5,54,87.62127144,98,50.1,0.27,0.095,35.01,0.60323442,13.25367625,1.357409093,5.068663263
"H04-T3","04","H04-T3","head","H","T3","","Allen","492","P1-G4","P1","G","4","Urbana","Allen",NA,"5","2","AgriMaxx-492",40.080883,-88.224217,58.71,16.8,54.8,84.09715422,97.5,26.85,0.304,0.054,17.807,1.36030844,32.21370324,1.484193052,9.266479786
"L04-T1","04","L04-T1","leaf","L","T1","","Allen","492","P2-H4","P2","H","4","Urbana","Allen",NA,"5","2","AgriMaxx-492",40.080883,-88.224217,58.71,16.8,54.8,84.09715422,97.5,26.85,0.304,0.054,17.807,1.36030844,32.21370324,1.484193052,9.266479786
"D04-T2","04","D04-T2","debris","D","T2","","Allen","492","P2-C12","P2","C","12","Urbana","Allen",NA,"5","2","AgriMaxx-492",40.080883,-88.224217,58.71,16.8,54.8,84.09715422,97.5,26.85,0.304,0.054,17.807,1.36030844,32.21370324,1.484193052,9.266479786
"D04-T1","04","D04-T1","debris","D","T1","","Allen","492","P3-D6","P3","D","6","Urbana","Allen",NA,"5","2","AgriMaxx-492",40.080883,-88.224217,58.71,16.8,54.8,84.09715422,97.5,26.85,0.304,0.054,17.807,1.36030844,32.21370324,1.484193052,9.266479786
"L04-T3","04","L04-T3","leaf","L","T3","","Allen","492","P1-A7","P1","A","7","Urbana","Allen",NA,"5","2","AgriMaxx-492",40.080883,-88.224217,58.71,16.8,54.8,84.09715422,97.5,26.85,0.304,0.054,17.807,1.36030844,32.21370324,1.484193052,9.266479786
"L04-T2","04","L04-T2","leaf","L","T2","","Allen","492","P2-D3","P2","D","3","Urbana","Allen",NA,"5","2","AgriMaxx-492",40.080883,-88.224217,58.71,16.8,54.8,84.09715422,97.5,26.85,0.304,0.054,17.807,1.36030844,32.21370324,1.484193052,9.266479786
"H04-T5-LO","04","H04-T5-LO","head","H","T5","Lo","Allen","492","P3-A2","P3","A","2","Urbana","Allen",NA,"5","2","AgriMaxx-492",40.080883,-88.224217,58.71,16.8,54.8,84.09715422,97.5,26.85,0.304,0.054,17.807,1.36030844,32.21370324,1.484193052,9.266479786
"L04-T4","04","L04-T4","leaf","L","T4","","Allen","492","P3-F4","P3","F","4","Urbana","Allen",NA,"5","2","AgriMaxx-492",40.080883,-88.224217,58.71,16.8,54.8,84.09715422,97.5,26.85,0.304,0.054,17.807,1.36030844,32.21370324,1.484193052,9.266479786
"H04-T4","04","H04-T4","head","H","T4","","Allen","492","P1-G12","P1","G","12","Urbana","Allen",NA,"5","2","AgriMaxx-492",40.080883,-88.224217,58.71,16.8,54.8,84.09715422,97.5,26.85,0.304,0.054,17.807,1.36030844,32.21370324,1.484193052,9.266479786
"H04-T5-HI","04","H04-T5-HI","head","H","T5","Hi","Allen","492","P2-H1","P2","H","1","Urbana","Allen",NA,"5","2","AgriMaxx-492",40.080883,-88.224217,58.71,16.8,54.8,84.09715422,97.5,26.85,0.304,0.054,17.807,1.36030844,32.21370324,1.484193052,9.266479786
"D05-T2","05","D05-T2","debris","D","T2","","Allen","495","P2-E11","P2","E","11","Urbana","Allen",NA,"8","2","AgriMaxx-495",40.0808,-88.2242,60.42,15,53.7,86.6417219,99.5,38.325,0.396,0.247,62.385,0.8113629,14.94770444,1.316544178,2.758193325
"D05-T1","05","D05-T1","debris","D","T1","","Allen","495","P2-F12","P2","F","12","Urbana","Allen",NA,"8","2","AgriMaxx-495",40.0808,-88.2242,60.42,15,53.7,86.6417219,99.5,38.325,0.396,0.247,62.385,0.8113629,14.94770444,1.316544178,2.758193325
"L05-T1","05","L05-T1","leaf","L","T1","","Allen","495","P2-D10","P2","D","10","Urbana","Allen",NA,"8","2","AgriMaxx-495",40.0808,-88.2242,60.42,15,53.7,86.6417219,99.5,38.325,0.396,0.247,62.385,0.8113629,14.94770444,1.316544178,2.758193325
"H05-T3","05","H05-T3","head","H","T3","","Allen","495","P1-H7","P1","H","7","Urbana","Allen",NA,"8","2","AgriMaxx-495",40.0808,-88.2242,60.42,15,53.7,86.6417219,99.5,38.325,0.396,0.247,62.385,0.8113629,14.94770444,1.316544178,2.758193325
"L05-T4","05","L05-T4","leaf","L","T4","","Allen","495","P2-B6","P2","B","6","Urbana","Allen",NA,"8","2","AgriMaxx-495",40.0808,-88.2242,60.42,15,53.7,86.6417219,99.5,38.325,0.396,0.247,62.385,0.8113629,14.94770444,1.316544178,2.758193325
"L05-T2","05","L05-T2","leaf","L","T2","","Allen","495","P1-F4","P1","F","4","Urbana","Allen",NA,"8","2","AgriMaxx-495",40.0808,-88.2242,60.42,15,53.7,86.6417219,99.5,38.325,0.396,0.247,62.385,0.8113629,14.94770444,1.316544178,2.758193325
"H05-T4","05","H05-T4","head","H","T4","","Allen","495","P1-C10","P1","C","10","Urbana","Allen",NA,"8","2","AgriMaxx-495",40.0808,-88.2242,60.42,15,53.7,86.6417219,99.5,38.325,0.396,0.247,62.385,0.8113629,14.94770444,1.316544178,2.758193325
"H05-T5-LO","05","H05-T5-LO","head","H","T5","Lo","Allen","495","P1-C3","P1","C","3","Urbana","Allen",NA,"8","2","AgriMaxx-495",40.0808,-88.2242,60.42,15,53.7,86.6417219,99.5,38.325,0.396,0.247,62.385,0.8113629,14.94770444,1.316544178,2.758193325
"L05-T3","05","L05-T3","leaf","L","T3","","Allen","495","P1-D2","P1","D","2","Urbana","Allen",NA,"8","2","AgriMaxx-495",40.0808,-88.2242,60.42,15,53.7,86.6417219,99.5,38.325,0.396,0.247,62.385,0.8113629,14.94770444,1.316544178,2.758193325
"H05-T5-HI","05","H05-T5-HI","head","H","T5","Hi","Allen","495","P2-B1","P2","B","1","Urbana","Allen",NA,"8","2","AgriMaxx-495",40.0808,-88.2242,60.42,15,53.7,86.6417219,99.5,38.325,0.396,0.247,62.385,0.8113629,14.94770444,1.316544178,2.758193325
"L06-T3","06","L06-T3","leaf","L","T3","","Allen","505","P3-G3","P3","G","3","Urbana","Allen",NA,"9","2","AgriMaxx-505",40.0807,-88.2242,62.51,14.8,53.8,89.66943726,99.7,47.4,0.206,0.021,9.993,0.926120698,8.721715354,1.434116006,2.252832197
"D06-T2","06","D06-T2","debris","D","T2","","Allen","505","P3-E4","P3","E","4","Urbana","Allen",NA,"9","2","AgriMaxx-505",40.0807,-88.2242,62.51,14.8,53.8,89.66943726,99.7,47.4,0.206,0.021,9.993,0.926120698,8.721715354,1.434116006,2.252832197
"L06-T4","06","L06-T4","leaf","L","T4","","Allen","505","P1-A9","P1","A","9","Urbana","Allen",NA,"9","2","AgriMaxx-505",40.0807,-88.2242,62.51,14.8,53.8,89.66943726,99.7,47.4,0.206,0.021,9.993,0.926120698,8.721715354,1.434116006,2.252832197
"D06-T1","06","D06-T1","debris","D","T1","","Allen","505","P1-A8","P1","A","8","Urbana","Allen",NA,"9","2","AgriMaxx-505",40.0807,-88.2242,62.51,14.8,53.8,89.66943726,99.7,47.4,0.206,0.021,9.993,0.926120698,8.721715354,1.434116006,2.252832197
"L06-T1","06","L06-T1","leaf","L","T1","","Allen","505","P3-D2","P3","D","2","Urbana","Allen",NA,"9","2","AgriMaxx-505",40.0807,-88.2242,62.51,14.8,53.8,89.66943726,99.7,47.4,0.206,0.021,9.993,0.926120698,8.721715354,1.434116006,2.252832197
"H06-T3","06","H06-T3","head","H","T3","","Allen","505","P2-F2","P2","F","2","Urbana","Allen",NA,"9","2","AgriMaxx-505",40.0807,-88.2242,62.51,14.8,53.8,89.66943726,99.7,47.4,0.206,0.021,9.993,0.926120698,8.721715354,1.434116006,2.252832197
"H06-T5-LO","06","H06-T5-LO","head","H","T5","Lo","Allen","505","P2-E4","P2","E","4","Urbana","Allen",NA,"9","2","AgriMaxx-505",40.0807,-88.2242,62.51,14.8,53.8,89.66943726,99.7,47.4,0.206,0.021,9.993,0.926120698,8.721715354,1.434116006,2.252832197
"L06-T2","06","L06-T2","leaf","L","T2","","Allen","505","P2-E1","P2","E","1","Urbana","Allen",NA,"9","2","AgriMaxx-505",40.0807,-88.2242,62.51,14.8,53.8,89.66943726,99.7,47.4,0.206,0.021,9.993,0.926120698,8.721715354,1.434116006,2.252832197
"H06-T4","06","H06-T4","head","H","T4","","Allen","505","P2-E10","P2","E","10","Urbana","Allen",NA,"9","2","AgriMaxx-505",40.0807,-88.2242,62.51,14.8,53.8,89.66943726,99.7,47.4,0.206,0.021,9.993,0.926120698,8.721715354,1.434116006,2.252832197
"H06-T5-HI","06","H06-T5-HI","head","H","T5","Hi","Allen","505","P3-B5","P3","B","5","Urbana","Allen",NA,"9","2","AgriMaxx-505",40.0807,-88.2242,62.51,14.8,53.8,89.66943726,99.7,47.4,0.206,0.021,9.993,0.926120698,8.721715354,1.434116006,2.252832197
"D07-T2","07","D07-T2","debris","D","T2","","Allen","505","P2-C8","P2","C","8","Urbana","Allen",NA,"9","3","AgriMaxx-505",40.080617,-88.224217,60.64,14.6,53.8,87.19115163,99.7,38,0.344,0.089,25.891,1.210931578,32.9147504,1.343635711,5.062116996
"L07-T1","07","L07-T1","leaf","L","T1","","Allen","505","P1-D12","P1","D","12","Urbana","Allen",NA,"9","3","AgriMaxx-505",40.080617,-88.224217,60.64,14.6,53.8,87.19115163,99.7,38,0.344,0.089,25.891,1.210931578,32.9147504,1.343635711,5.062116996
"H07-T3","07","H07-T3","head","H","T3","","Allen","505","P1-E2","P1","E","2","Urbana","Allen",NA,"9","3","AgriMaxx-505",40.080617,-88.224217,60.64,14.6,53.8,87.19115163,99.7,38,0.344,0.089,25.891,1.210931578,32.9147504,1.343635711,5.062116996
"D07-T1","07","D07-T1","debris","D","T1","","Allen","505","P1-E10","P1","E","10","Urbana","Allen",NA,"9","3","AgriMaxx-505",40.080617,-88.224217,60.64,14.6,53.8,87.19115163,99.7,38,0.344,0.089,25.891,1.210931578,32.9147504,1.343635711,5.062116996
"L07-T2","07","L07-T2","leaf","L","T2","","Allen","505","P3-D5","P3","D","5","Urbana","Allen",NA,"9","3","AgriMaxx-505",40.080617,-88.224217,60.64,14.6,53.8,87.19115163,99.7,38,0.344,0.089,25.891,1.210931578,32.9147504,1.343635711,5.062116996
"H07-T4","07","H07-T4","head","H","T4","","Allen","505","P1-B11","P1","B","11","Urbana","Allen",NA,"9","3","AgriMaxx-505",40.080617,-88.224217,60.64,14.6,53.8,87.19115163,99.7,38,0.344,0.089,25.891,1.210931578,32.9147504,1.343635711,5.062116996
"L07-T4","07","L07-T4","leaf","L","T4","","Allen","505","P1-F7","P1","F","7","Urbana","Allen",NA,"9","3","AgriMaxx-505",40.080617,-88.224217,60.64,14.6,53.8,87.19115163,99.7,38,0.344,0.089,25.891,1.210931578,32.9147504,1.343635711,5.062116996
"L07-T3","07","L07-T3","leaf","L","T3","","Allen","505","P1-A6","P1","A","6","Urbana","Allen",NA,"9","3","AgriMaxx-505",40.080617,-88.224217,60.64,14.6,53.8,87.19115163,99.7,38,0.344,0.089,25.891,1.210931578,32.9147504,1.343635711,5.062116996
"H07-T5-HI","07","H07-T5-HI","head","H","T5","Hi","Allen","505","P1-B12","P1","B","12","Urbana","Allen",NA,"9","3","AgriMaxx-505",40.080617,-88.224217,60.64,14.6,53.8,87.19115163,99.7,38,0.344,0.089,25.891,1.210931578,32.9147504,1.343635711,5.062116996
"H07-T5-LO","07","H07-T5-LO","head","H","T5","Lo","Allen","505","P1-G2","P1","G","2","Urbana","Allen",NA,"9","3","AgriMaxx-505",40.080617,-88.224217,60.64,14.6,53.8,87.19115163,99.7,38,0.344,0.089,25.891,1.210931578,32.9147504,1.343635711,5.062116996
"L08-T4","08","L08-T4","leaf","L","T4","","Allen","492","P1-F5","P1","F","5","Urbana","Allen",NA,"5","3","AgriMaxx-492",40.08055,-88.2242,63.64,16.6,54.8,89.09364569,100,27.4125,0.271,0.069,25.645,0.611190664,35.64928381,1.017065872,56.04155855
"L08-T1","08","L08-T1","leaf","L","T1","","Allen","492","P2-G1","P2","G","1","Urbana","Allen",NA,"5","3","AgriMaxx-492",40.08055,-88.2242,63.64,16.6,54.8,89.09364569,100,27.4125,0.271,0.069,25.645,0.611190664,35.64928381,1.017065872,56.04155855
"D08-T2","08","D08-T2","debris","D","T2","","Allen","492","P2-H5","P2","H","5","Urbana","Allen",NA,"5","3","AgriMaxx-492",40.08055,-88.2242,63.64,16.6,54.8,89.09364569,100,27.4125,0.271,0.069,25.645,0.611190664,35.64928381,1.017065872,56.04155855
"L08-T2","08","L08-T2","leaf","L","T2","","Allen","492","P2-H8","P2","H","8","Urbana","Allen",NA,"5","3","AgriMaxx-492",40.08055,-88.2242,63.64,16.6,54.8,89.09364569,100,27.4125,0.271,0.069,25.645,0.611190664,35.64928381,1.017065872,56.04155855
"H08-T4","08","H08-T4","head","H","T4","","Allen","492","P3-B1","P3","B","1","Urbana","Allen",NA,"5","3","AgriMaxx-492",40.08055,-88.2242,63.64,16.6,54.8,89.09364569,100,27.4125,0.271,0.069,25.645,0.611190664,35.64928381,1.017065872,56.04155855
"H08-T5-LO","08","H08-T5-LO","head","H","T5","Lo","Allen","492","P3-C4","P3","C","4","Urbana","Allen",NA,"5","3","AgriMaxx-492",40.08055,-88.2242,63.64,16.6,54.8,89.09364569,100,27.4125,0.271,0.069,25.645,0.611190664,35.64928381,1.017065872,56.04155855
"H08-T3","08","H08-T3","head","H","T3","","Allen","492","P2-C11","P2","C","11","Urbana","Allen",NA,"5","3","AgriMaxx-492",40.08055,-88.2242,63.64,16.6,54.8,89.09364569,100,27.4125,0.271,0.069,25.645,0.611190664,35.64928381,1.017065872,56.04155855
"D08-T1","08","D08-T1","debris","D","T1","","Allen","492","P3-F6","P3","F","6","Urbana","Allen",NA,"5","3","AgriMaxx-492",40.08055,-88.2242,63.64,16.6,54.8,89.09364569,100,27.4125,0.271,0.069,25.645,0.611190664,35.64928381,1.017065872,56.04155855
"H08-T5-HI","08","H08-T5-HI","head","H","T5","Hi","Allen","492","P3-A7","P3","A","7","Urbana","Allen",NA,"5","3","AgriMaxx-492",40.08055,-88.2242,63.64,16.6,54.8,89.09364569,100,27.4125,0.271,0.069,25.645,0.611190664,35.64928381,1.017065872,56.04155855
"L08-T3","08","L08-T3","leaf","L","T3","","Allen","492","P3-B3","P3","B","3","Urbana","Allen",NA,"5","3","AgriMaxx-492",40.08055,-88.2242,63.64,16.6,54.8,89.09364569,100,27.4125,0.271,0.069,25.645,0.611190664,35.64928381,1.017065872,56.04155855
"L09-T2","09","L09-T2","leaf","L","T2","","Allen","495","P2-B3","P2","B","3","Urbana","Allen",NA,"8","3","AgriMaxx-495",40.080467,-88.224217,63.69,14.6,53.6,91.02877439,100.3,31.2375,0.343,0.159,46.288,1.839521442,2.785656983,1.454009585,7.088071508
"H09-T4","09","H09-T4","head","H","T4","","Allen","495","P3-B2","P3","B","2","Urbana","Allen",NA,"8","3","AgriMaxx-495",40.080467,-88.224217,63.69,14.6,53.6,91.02877439,100.3,31.2375,0.343,0.159,46.288,1.839521442,2.785656983,1.454009585,7.088071508
"L09-T4","09","L09-T4","leaf","L","T4","","Allen","495","P2-C3","P2","C","3","Urbana","Allen",NA,"8","3","AgriMaxx-495",40.080467,-88.224217,63.69,14.6,53.6,91.02877439,100.3,31.2375,0.343,0.159,46.288,1.839521442,2.785656983,1.454009585,7.088071508
"H09-T5-HI","09","H09-T5-HI","head","H","T5","Hi","Allen","495","P2-A10","P2","A","10","Urbana","Allen",NA,"8","3","AgriMaxx-495",40.080467,-88.224217,63.69,14.6,53.6,91.02877439,100.3,31.2375,0.343,0.159,46.288,1.839521442,2.785656983,1.454009585,7.088071508
"D09-T1","09","D09-T1","debris","D","T1","","Allen","495","P2-F6","P2","F","6","Urbana","Allen",NA,"8","3","AgriMaxx-495",40.080467,-88.224217,63.69,14.6,53.6,91.02877439,100.3,31.2375,0.343,0.159,46.288,1.839521442,2.785656983,1.454009585,7.088071508
"L09-T3","09","L09-T3","leaf","L","T3","","Allen","495","P3-C3","P3","C","3","Urbana","Allen",NA,"8","3","AgriMaxx-495",40.080467,-88.224217,63.69,14.6,53.6,91.02877439,100.3,31.2375,0.343,0.159,46.288,1.839521442,2.785656983,1.454009585,7.088071508
"L09-T1","09","L09-T1","leaf","L","T1","","Allen","495","P1-B3","P1","B","3","Urbana","Allen",NA,"8","3","AgriMaxx-495",40.080467,-88.224217,63.69,14.6,53.6,91.02877439,100.3,31.2375,0.343,0.159,46.288,1.839521442,2.785656983,1.454009585,7.088071508
"D09-T2","09","D09-T2","debris","D","T2","","Allen","495","P1-A12","P1","A","12","Urbana","Allen",NA,"8","3","AgriMaxx-495",40.080467,-88.224217,63.69,14.6,53.6,91.02877439,100.3,31.2375,0.343,0.159,46.288,1.839521442,2.785656983,1.454009585,7.088071508
"H09-T5-LO","09","H09-T5-LO","head","H","T5","Lo","Allen","495","P1-D1","P1","D","1","Urbana","Allen",NA,"8","3","AgriMaxx-495",40.080467,-88.224217,63.69,14.6,53.6,91.02877439,100.3,31.2375,0.343,0.159,46.288,1.839521442,2.785656983,1.454009585,7.088071508
"H09-T3","09","H09-T3","head","H","T3","","Allen","495","P1-H5","P1","H","5","Urbana","Allen",NA,"8","3","AgriMaxx-495",40.080467,-88.224217,63.69,14.6,53.6,91.02877439,100.3,31.2375,0.343,0.159,46.288,1.839521442,2.785656983,1.454009585,7.088071508
"D10-T2","10","D10-T2","debris","D","T2","","Allen","495","P2-D9","P2","D","9","Urbana","Allen",NA,"8","4","AgriMaxx-495",40.080383,-88.224217,63.23,14.8,53.7,90.1596781,100.3,34.9,0.343,0.084,24.564,0.920444599,9.751664014,1.273563863,7.069600526
"L10-T2","10","L10-T2","leaf","L","T2","","Allen","495","P2-G11","P2","G","11","Urbana","Allen",NA,"8","4","AgriMaxx-495",40.080383,-88.224217,63.23,14.8,53.7,90.1596781,100.3,34.9,0.343,0.084,24.564,0.920444599,9.751664014,1.273563863,7.069600526
"H10-T3","10","H10-T3","head","H","T3","","Allen","495","P1-G8","P1","G","8","Urbana","Allen",NA,"8","4","AgriMaxx-495",40.080383,-88.224217,63.23,14.8,53.7,90.1596781,100.3,34.9,0.343,0.084,24.564,0.920444599,9.751664014,1.273563863,7.069600526
"L10-T4","10","L10-T4","leaf","L","T4","","Allen","495","P2-E12","P2","E","12","Urbana","Allen",NA,"8","4","AgriMaxx-495",40.080383,-88.224217,63.23,14.8,53.7,90.1596781,100.3,34.9,0.343,0.084,24.564,0.920444599,9.751664014,1.273563863,7.069600526
"H10-T5-HI","10","H10-T5-HI","head","H","T5","Hi","Allen","495","P3-H1","P3","H","1","Urbana","Allen",NA,"8","4","AgriMaxx-495",40.080383,-88.224217,63.23,14.8,53.7,90.1596781,100.3,34.9,0.343,0.084,24.564,0.920444599,9.751664014,1.273563863,7.069600526
"L10-T3","10","L10-T3","leaf","L","T3","","Allen","495","P1-H6","P1","H","6","Urbana","Allen",NA,"8","4","AgriMaxx-495",40.080383,-88.224217,63.23,14.8,53.7,90.1596781,100.3,34.9,0.343,0.084,24.564,0.920444599,9.751664014,1.273563863,7.069600526
"L10-T1","10","L10-T1","leaf","L","T1","","Allen","495","P3-A3","P3","A","3","Urbana","Allen",NA,"8","4","AgriMaxx-495",40.080383,-88.224217,63.23,14.8,53.7,90.1596781,100.3,34.9,0.343,0.084,24.564,0.920444599,9.751664014,1.273563863,7.069600526
"H10-T5-LO","10","H10-T5-LO","head","H","T5","Lo","Allen","495","P3-H5","P3","H","5","Urbana","Allen",NA,"8","4","AgriMaxx-495",40.080383,-88.224217,63.23,14.8,53.7,90.1596781,100.3,34.9,0.343,0.084,24.564,0.920444599,9.751664014,1.273563863,7.069600526
"D10-T1","10","D10-T1","debris","D","T1","","Allen","495","P2-D12","P2","D","12","Urbana","Allen",NA,"8","4","AgriMaxx-495",40.080383,-88.224217,63.23,14.8,53.7,90.1596781,100.3,34.9,0.343,0.084,24.564,0.920444599,9.751664014,1.273563863,7.069600526
"H10-T4","10","H10-T4","head","H","T4","","Allen","495","P3-E2","P3","E","2","Urbana","Allen",NA,"8","4","AgriMaxx-495",40.080383,-88.224217,63.23,14.8,53.7,90.1596781,100.3,34.9,0.343,0.084,24.564,0.920444599,9.751664014,1.273563863,7.069600526
"L11-T2","11","L11-T2","leaf","L","T2","","Allen","505","P1-D11","P1","D","11","Urbana","Allen",NA,"9","4","AgriMaxx-505",40.0803,-88.224217,62.29,14.4,53.3,89.32538216,100.2,40.5625,0.2,0.059,29.241,0.553794775,23.67679335,0.726477093,91.66662566
"L11-T3","11","L11-T3","leaf","L","T3","","Allen","505","P2-C6","P2","C","6","Urbana","Allen",NA,"9","4","AgriMaxx-505",40.0803,-88.224217,62.29,14.4,53.3,89.32538216,100.2,40.5625,0.2,0.059,29.241,0.553794775,23.67679335,0.726477093,91.66662566
"D11-T2","11","D11-T2","debris","D","T2","","Allen","505","P3-H6","P3","H","6","Urbana","Allen",NA,"9","4","AgriMaxx-505",40.0803,-88.224217,62.29,14.4,53.3,89.32538216,100.2,40.5625,0.2,0.059,29.241,0.553794775,23.67679335,0.726477093,91.66662566
"L11-T4","11","L11-T4","leaf","L","T4","","Allen","505","P1-C7","P1","C","7","Urbana","Allen",NA,"9","4","AgriMaxx-505",40.0803,-88.224217,62.29,14.4,53.3,89.32538216,100.2,40.5625,0.2,0.059,29.241,0.553794775,23.67679335,0.726477093,91.66662566
"H11-T5-HI","11","H11-T5-HI","head","H","T5","Hi","Allen","505","P3-D1","P3","D","1","Urbana","Allen",NA,"9","4","AgriMaxx-505",40.0803,-88.224217,62.29,14.4,53.3,89.32538216,100.2,40.5625,0.2,0.059,29.241,0.553794775,23.67679335,0.726477093,91.66662566
"H11-T3","11","H11-T3","head","H","T3","","Allen","505","P2-E7","P2","E","7","Urbana","Allen",NA,"9","4","AgriMaxx-505",40.0803,-88.224217,62.29,14.4,53.3,89.32538216,100.2,40.5625,0.2,0.059,29.241,0.553794775,23.67679335,0.726477093,91.66662566
"H11-T5-LO","11","H11-T5-LO","head","H","T5","Lo","Allen","505","P1-H4","P1","H","4","Urbana","Allen",NA,"9","4","AgriMaxx-505",40.0803,-88.224217,62.29,14.4,53.3,89.32538216,100.2,40.5625,0.2,0.059,29.241,0.553794775,23.67679335,0.726477093,91.66662566
"D11-T1","11","D11-T1","debris","D","T1","","Allen","505","P3-H4","P3","H","4","Urbana","Allen",NA,"9","4","AgriMaxx-505",40.0803,-88.224217,62.29,14.4,53.3,89.32538216,100.2,40.5625,0.2,0.059,29.241,0.553794775,23.67679335,0.726477093,91.66662566
"L11-T1","11","L11-T1","leaf","L","T1","","Allen","505","P2-G7","P2","G","7","Urbana","Allen",NA,"9","4","AgriMaxx-505",40.0803,-88.224217,62.29,14.4,53.3,89.32538216,100.2,40.5625,0.2,0.059,29.241,0.553794775,23.67679335,0.726477093,91.66662566
"H11-T4","11","H11-T4","head","H","T4","","Allen","505","P2-C2","P2","C","2","Urbana","Allen",NA,"9","4","AgriMaxx-505",40.0803,-88.224217,62.29,14.4,53.3,89.32538216,100.2,40.5625,0.2,0.059,29.241,0.553794775,23.67679335,0.726477093,91.66662566
"D12-T2","12","D12-T2","debris","D","T2","","Allen","492","P2-E2","P2","E","2","Urbana","Allen",NA,"5","4","AgriMaxx-492",40.080217,-88.224217,61.01,16.1,54.5,86.44245854,99.4,37.25,0.306,0.091,29.611,0.989690041,9.248257484,1.392329935,7.882173554
"H12-T3","12","H12-T3","head","H","T3","","Allen","492","P1-G9","P1","G","9","Urbana","Allen",NA,"5","4","AgriMaxx-492",40.080217,-88.224217,61.01,16.1,54.5,86.44245854,99.4,37.25,0.306,0.091,29.611,0.989690041,9.248257484,1.392329935,7.882173554
"L12-T2","12","L12-T2","leaf","L","T2","","Allen","492","P2-B9","P2","B","9","Urbana","Allen",NA,"5","4","AgriMaxx-492",40.080217,-88.224217,61.01,16.1,54.5,86.44245854,99.4,37.25,0.306,0.091,29.611,0.989690041,9.248257484,1.392329935,7.882173554
"H12-T5-HI","12","H12-T5-HI","head","H","T5","Hi","Allen","492","P1-B9","P1","B","9","Urbana","Allen",NA,"5","4","AgriMaxx-492",40.080217,-88.224217,61.01,16.1,54.5,86.44245854,99.4,37.25,0.306,0.091,29.611,0.989690041,9.248257484,1.392329935,7.882173554
"L12-T1","12","L12-T1","leaf","L","T1","","Allen","492","P2-F9","P2","F","9","Urbana","Allen",NA,"5","4","AgriMaxx-492",40.080217,-88.224217,61.01,16.1,54.5,86.44245854,99.4,37.25,0.306,0.091,29.611,0.989690041,9.248257484,1.392329935,7.882173554
"L12-T4","12","L12-T4","leaf","L","T4","","Allen","492","P3-E5","P3","E","5","Urbana","Allen",NA,"5","4","AgriMaxx-492",40.080217,-88.224217,61.01,16.1,54.5,86.44245854,99.4,37.25,0.306,0.091,29.611,0.989690041,9.248257484,1.392329935,7.882173554
"D12-T1","12","D12-T1","debris","D","T1","","Allen","492","P1-G11","P1","G","11","Urbana","Allen",NA,"5","4","AgriMaxx-492",40.080217,-88.224217,61.01,16.1,54.5,86.44245854,99.4,37.25,0.306,0.091,29.611,0.989690041,9.248257484,1.392329935,7.882173554
"H12-T5-LO","12","H12-T5-LO","head","H","T5","Lo","Allen","492","P2-E6","P2","E","6","Urbana","Allen",NA,"5","4","AgriMaxx-492",40.080217,-88.224217,61.01,16.1,54.5,86.44245854,99.4,37.25,0.306,0.091,29.611,0.989690041,9.248257484,1.392329935,7.882173554
"H12-T4","12","H12-T4","head","H","T4","","Allen","492","P2-G2","P2","G","2","Urbana","Allen",NA,"5","4","AgriMaxx-492",40.080217,-88.224217,61.01,16.1,54.5,86.44245854,99.4,37.25,0.306,0.091,29.611,0.989690041,9.248257484,1.392329935,7.882173554
"L13-T2","13","L13-T2","leaf","L","T2","","Talon","492","P1-B10","P1","B","10","Ewing","Talon","101","5","1","AgriMaxx-492",38.096467,-88.8457,170,13.6,56.7,70.84903329,87,40.95,0.665,0.155,23.32,3.722755801,23.99237221,2.549972137,8.933314545
"D13-T1","13","D13-T1","debris","D","T1","","Talon","492","P1-H3","P1","H","3","Ewing","Talon","101","5","1","AgriMaxx-492",38.096467,-88.8457,170,13.6,56.7,70.84903329,87,40.95,0.665,0.155,23.32,3.722755801,23.99237221,2.549972137,8.933314545
"H13-T5-HI","13","H13-T5-HI","head","H","T5","Hi","Talon","492","P1-A2","P1","A","2","Ewing","Talon","101","5","1","AgriMaxx-492",38.096467,-88.8457,170,13.6,56.7,70.84903329,87,40.95,0.665,0.155,23.32,3.722755801,23.99237221,2.549972137,8.933314545
"H13-T3","13","H13-T3","head","H","T3","","Talon","492","P2-E3","P2","E","3","Ewing","Talon","101","5","1","AgriMaxx-492",38.096467,-88.8457,170,13.6,56.7,70.84903329,87,40.95,0.665,0.155,23.32,3.722755801,23.99237221,2.549972137,8.933314545
"D13-T2","13","D13-T2","debris","D","T2","","Talon","492","P2-A4","P2","A","4","Ewing","Talon","101","5","1","AgriMaxx-492",38.096467,-88.8457,170,13.6,56.7,70.84903329,87,40.95,0.665,0.155,23.32,3.722755801,23.99237221,2.549972137,8.933314545
"L13-T3","13","L13-T3","leaf","L","T3","","Talon","492","P2-G8","P2","G","8","Ewing","Talon","101","5","1","AgriMaxx-492",38.096467,-88.8457,170,13.6,56.7,70.84903329,87,40.95,0.665,0.155,23.32,3.722755801,23.99237221,2.549972137,8.933314545
"L13-T1","13","L13-T1","leaf","L","T1","","Talon","492","P1-H2","P1","H","2","Ewing","Talon","101","5","1","AgriMaxx-492",38.096467,-88.8457,170,13.6,56.7,70.84903329,87,40.95,0.665,0.155,23.32,3.722755801,23.99237221,2.549972137,8.933314545
"H13-T5-LO","13","H13-T5-LO","head","H","T5","Lo","Talon","492","P1-A11","P1","A","11","Ewing","Talon","101","5","1","AgriMaxx-492",38.096467,-88.8457,170,13.6,56.7,70.84903329,87,40.95,0.665,0.155,23.32,3.722755801,23.99237221,2.549972137,8.933314545
"L13-T4","13","L13-T4","leaf","L","T4","","Talon","492","P2-F5","P2","F","5","Ewing","Talon","101","5","1","AgriMaxx-492",38.096467,-88.8457,170,13.6,56.7,70.84903329,87,40.95,0.665,0.155,23.32,3.722755801,23.99237221,2.549972137,8.933314545
"H13-T4","13","H13-T4","head","H","T4","","Talon","492","P1-F1","P1","F","1","Ewing","Talon","101","5","1","AgriMaxx-492",38.096467,-88.8457,170,13.6,56.7,70.84903329,87,40.95,0.665,0.155,23.32,3.722755801,23.99237221,2.549972137,8.933314545
"L14-T2","14","L14-T2","leaf","L","T2","","Talon","495","P3-B6","P3","B","6","Ewing","Talon","102","8","1","AgriMaxx-495",38.096467,-88.845633,182,13,58.1,76.37687861,87,48.975,0.365,0.121,33.304,1.576142686,20.41212162,1.493151693,6.397107246
"H14-T5-HI","14","H14-T5-HI","head","H","T5","Hi","Talon","495","P2-F4","P2","F","4","Ewing","Talon","102","8","1","AgriMaxx-495",38.096467,-88.845633,182,13,58.1,76.37687861,87,48.975,0.365,0.121,33.304,1.576142686,20.41212162,1.493151693,6.397107246
"D14-T1","14","D14-T1","debris","D","T1","","Talon","495","P2-B2","P2","B","2","Ewing","Talon","102","8","1","AgriMaxx-495",38.096467,-88.845633,182,13,58.1,76.37687861,87,48.975,0.365,0.121,33.304,1.576142686,20.41212162,1.493151693,6.397107246
"L14-T3","14","L14-T3","leaf","L","T3","","Talon","495","P1-F10","P1","F","10","Ewing","Talon","102","8","1","AgriMaxx-495",38.096467,-88.845633,182,13,58.1,76.37687861,87,48.975,0.365,0.121,33.304,1.576142686,20.41212162,1.493151693,6.397107246
"H14-T3","14","H14-T3","head","H","T3","","Talon","495","P3-H3","P3","H","3","Ewing","Talon","102","8","1","AgriMaxx-495",38.096467,-88.845633,182,13,58.1,76.37687861,87,48.975,0.365,0.121,33.304,1.576142686,20.41212162,1.493151693,6.397107246
"D14-T2","14","D14-T2","debris","D","T2","","Talon","495","P2-F10","P2","F","10","Ewing","Talon","102","8","1","AgriMaxx-495",38.096467,-88.845633,182,13,58.1,76.37687861,87,48.975,0.365,0.121,33.304,1.576142686,20.41212162,1.493151693,6.397107246
"L14-T4","14","L14-T4","leaf","L","T4","","Talon","495","P2-D11","P2","D","11","Ewing","Talon","102","8","1","AgriMaxx-495",38.096467,-88.845633,182,13,58.1,76.37687861,87,48.975,0.365,0.121,33.304,1.576142686,20.41212162,1.493151693,6.397107246
"L14-T1","14","L14-T1","leaf","L","T1","","Talon","495","P2-E8","P2","E","8","Ewing","Talon","102","8","1","AgriMaxx-495",38.096467,-88.845633,182,13,58.1,76.37687861,87,48.975,0.365,0.121,33.304,1.576142686,20.41212162,1.493151693,6.397107246
"H14-T5-LO","14","H14-T5-LO","head","H","T5","Lo","Talon","495","P2-C4","P2","C","4","Ewing","Talon","102","8","1","AgriMaxx-495",38.096467,-88.845633,182,13,58.1,76.37687861,87,48.975,0.365,0.121,33.304,1.576142686,20.41212162,1.493151693,6.397107246
"H14-T4","14","H14-T4","head","H","T4","","Talon","495","P1-D7","P1","D","7","Ewing","Talon","102","8","1","AgriMaxx-495",38.096467,-88.845633,182,13,58.1,76.37687861,87,48.975,0.365,0.121,33.304,1.576142686,20.41212162,1.493151693,6.397107246
"L15-T2","15","L15-T2","leaf","L","T2","","Talon","505","P2-A12","P2","A","12","Ewing","Talon","103","9","1","AgriMaxx-505",38.096467,-88.845567,178,13.5,55.5,74.26896552,87,47.1875,0.333,0.222,66.683,1.01803183,40.42778213,1.335293304,6.909625717
"D15-T1","15","D15-T1","debris","D","T1","","Talon","505","P3-F5","P3","F","5","Ewing","Talon","103","9","1","AgriMaxx-505",38.096467,-88.845567,178,13.5,55.5,74.26896552,87,47.1875,0.333,0.222,66.683,1.01803183,40.42778213,1.335293304,6.909625717
"H15-T3","15","H15-T3","head","H","T3","","Talon","505","P2-H10","P2","H","10","Ewing","Talon","103","9","1","AgriMaxx-505",38.096467,-88.845567,178,13.5,55.5,74.26896552,87,47.1875,0.333,0.222,66.683,1.01803183,40.42778213,1.335293304,6.909625717
"D15-T2","15","D15-T2","debris","D","T2","","Talon","505","P3-C7","P3","C","7","Ewing","Talon","103","9","1","AgriMaxx-505",38.096467,-88.845567,178,13.5,55.5,74.26896552,87,47.1875,0.333,0.222,66.683,1.01803183,40.42778213,1.335293304,6.909625717
"H15-T5-HI","15","H15-T5-HI","head","H","T5","Hi","Talon","505","P1-D10","P1","D","10","Ewing","Talon","103","9","1","AgriMaxx-505",38.096467,-88.845567,178,13.5,55.5,74.26896552,87,47.1875,0.333,0.222,66.683,1.01803183,40.42778213,1.335293304,6.909625717
"L15-T1","15","L15-T1","leaf","L","T1","","Talon","505","P3-H2","P3","H","2","Ewing","Talon","103","9","1","AgriMaxx-505",38.096467,-88.845567,178,13.5,55.5,74.26896552,87,47.1875,0.333,0.222,66.683,1.01803183,40.42778213,1.335293304,6.909625717
"H15-T5-LO","15","H15-T5-LO","head","H","T5","Lo","Talon","505","P2-B12","P2","B","12","Ewing","Talon","103","9","1","AgriMaxx-505",38.096467,-88.845567,178,13.5,55.5,74.26896552,87,47.1875,0.333,0.222,66.683,1.01803183,40.42778213,1.335293304,6.909625717
"L15-T3","15","L15-T3","leaf","L","T3","","Talon","505","P1-E1","P1","E","1","Ewing","Talon","103","9","1","AgriMaxx-505",38.096467,-88.845567,178,13.5,55.5,74.26896552,87,47.1875,0.333,0.222,66.683,1.01803183,40.42778213,1.335293304,6.909625717
"H15-T4","15","H15-T4","head","H","T4","","Talon","505","P1-G1","P1","G","1","Ewing","Talon","103","9","1","AgriMaxx-505",38.096467,-88.845567,178,13.5,55.5,74.26896552,87,47.1875,0.333,0.222,66.683,1.01803183,40.42778213,1.335293304,6.909625717
"L15-T4","15","L15-T4","leaf","L","T4","","Talon","505","P2-A11","P2","A","11","Ewing","Talon","103","9","1","AgriMaxx-505",38.096467,-88.845567,178,13.5,55.5,74.26896552,87,47.1875,0.333,0.222,66.683,1.01803183,40.42778213,1.335293304,6.909625717
"L16-T3","16","L16-T3","leaf","L","T3","","Talon","495","P1-F8","P1","F","8","Ewing","Talon","201","8","2","AgriMaxx-495",38.096467,-88.8455,162,13.3,55.1,67.74938808,87,52.6375,0.23,0.016,7.047,1.286261614,16.52662154,1.372498463,6.366822296
"D16-T1","16","D16-T1","debris","D","T1","","Talon","495","P2-G5","P2","G","5","Ewing","Talon","201","8","2","AgriMaxx-495",38.096467,-88.8455,162,13.3,55.1,67.74938808,87,52.6375,0.23,0.016,7.047,1.286261614,16.52662154,1.372498463,6.366822296
"H16-T3","16","H16-T3","head","H","T3","","Talon","495","P3-A6","P3","A","6","Ewing","Talon","201","8","2","AgriMaxx-495",38.096467,-88.8455,162,13.3,55.1,67.74938808,87,52.6375,0.23,0.016,7.047,1.286261614,16.52662154,1.372498463,6.366822296
"H16-T5-HI","16","H16-T5-HI","head","H","T5","Hi","Talon","495","P2-D1","P2","D","1","Ewing","Talon","201","8","2","AgriMaxx-495",38.096467,-88.8455,162,13.3,55.1,67.74938808,87,52.6375,0.23,0.016,7.047,1.286261614,16.52662154,1.372498463,6.366822296
"L16-T1","16","L16-T1","leaf","L","T1","","Talon","495","P1-E12","P1","E","12","Ewing","Talon","201","8","2","AgriMaxx-495",38.096467,-88.8455,162,13.3,55.1,67.74938808,87,52.6375,0.23,0.016,7.047,1.286261614,16.52662154,1.372498463,6.366822296
"H16-T5-LO","16","H16-T5-LO","head","H","T5","Lo","Talon","495","P3-G1","P3","G","1","Ewing","Talon","201","8","2","AgriMaxx-495",38.096467,-88.8455,162,13.3,55.1,67.74938808,87,52.6375,0.23,0.016,7.047,1.286261614,16.52662154,1.372498463,6.366822296
"L16-T4","16","L16-T4","leaf","L","T4","","Talon","495","P2-H11","P2","H","11","Ewing","Talon","201","8","2","AgriMaxx-495",38.096467,-88.8455,162,13.3,55.1,67.74938808,87,52.6375,0.23,0.016,7.047,1.286261614,16.52662154,1.372498463,6.366822296
"D16-T2","16","D16-T2","debris","D","T2","","Talon","495","P1-H11","P1","H","11","Ewing","Talon","201","8","2","AgriMaxx-495",38.096467,-88.8455,162,13.3,55.1,67.74938808,87,52.6375,0.23,0.016,7.047,1.286261614,16.52662154,1.372498463,6.366822296
"L16-T2","16","L16-T2","leaf","L","T2","","Talon","495","P2-A6","P2","A","6","Ewing","Talon","201","8","2","AgriMaxx-495",38.096467,-88.8455,162,13.3,55.1,67.74938808,87,52.6375,0.23,0.016,7.047,1.286261614,16.52662154,1.372498463,6.366822296
"H16-T4","16","H16-T4","head","H","T4","","Talon","495","P1-C9","P1","C","9","Ewing","Talon","201","8","2","AgriMaxx-495",38.096467,-88.8455,162,13.3,55.1,67.74938808,87,52.6375,0.23,0.016,7.047,1.286261614,16.52662154,1.372498463,6.366822296
"H17-T4","17","H17-T4","head","H","T4","","Talon","492","P1-C8","P1","C","8","Ewing","Talon","202","5","2","AgriMaxx-492",38.096467,-88.845417,168,13.4,54.6,70.1775882,87,40.625,0.696,0.198,28.373,4.50379559,5.577514236,2.388550977,14.95139576
"L17-T1","17","L17-T1","leaf","L","T1","","Talon","492","P2-B4","P2","B","4","Ewing","Talon","202","5","2","AgriMaxx-492",38.096467,-88.845417,168,13.4,54.6,70.1775882,87,40.625,0.696,0.198,28.373,4.50379559,5.577514236,2.388550977,14.95139576
"H17-T5-LO","17","H17-T5-LO","head","H","T5","Lo","Talon","492","P1-H12","P1","H","12","Ewing","Talon","202","5","2","AgriMaxx-492",38.096467,-88.845417,168,13.4,54.6,70.1775882,87,40.625,0.696,0.198,28.373,4.50379559,5.577514236,2.388550977,14.95139576
"L17-T3","17","L17-T3","leaf","L","T3","","Talon","492","P1-G6","P1","G","6","Ewing","Talon","202","5","2","AgriMaxx-492",38.096467,-88.845417,168,13.4,54.6,70.1775882,87,40.625,0.696,0.198,28.373,4.50379559,5.577514236,2.388550977,14.95139576
"D17-T1","17","D17-T1","debris","D","T1","","Talon","492","P2-G10","P2","G","10","Ewing","Talon","202","5","2","AgriMaxx-492",38.096467,-88.845417,168,13.4,54.6,70.1775882,87,40.625,0.696,0.198,28.373,4.50379559,5.577514236,2.388550977,14.95139576
"L17-T2","17","L17-T2","leaf","L","T2","","Talon","492","P1-H10","P1","H","10","Ewing","Talon","202","5","2","AgriMaxx-492",38.096467,-88.845417,168,13.4,54.6,70.1775882,87,40.625,0.696,0.198,28.373,4.50379559,5.577514236,2.388550977,14.95139576
"H17-T3","17","H17-T3","head","H","T3","","Talon","492","P2-C10","P2","C","10","Ewing","Talon","202","5","2","AgriMaxx-492",38.096467,-88.845417,168,13.4,54.6,70.1775882,87,40.625,0.696,0.198,28.373,4.50379559,5.577514236,2.388550977,14.95139576
"H17-T5-HI","17","H17-T5-HI","head","H","T5","Hi","Talon","492","P3-E1","P3","E","1","Ewing","Talon","202","5","2","AgriMaxx-492",38.096467,-88.845417,168,13.4,54.6,70.1775882,87,40.625,0.696,0.198,28.373,4.50379559,5.577514236,2.388550977,14.95139576
"L17-T4","17","L17-T4","leaf","L","T4","","Talon","492","P2-C1","P2","C","1","Ewing","Talon","202","5","2","AgriMaxx-492",38.096467,-88.845417,168,13.4,54.6,70.1775882,87,40.625,0.696,0.198,28.373,4.50379559,5.577514236,2.388550977,14.95139576
"D17-T2","17","D17-T2","debris","D","T2","","Talon","492","P1-F12","P1","F","12","Ewing","Talon","202","5","2","AgriMaxx-492",38.096467,-88.845417,168,13.4,54.6,70.1775882,87,40.625,0.696,0.198,28.373,4.50379559,5.577514236,2.388550977,14.95139576
"L18-T1","18","L18-T1","leaf","L","T1","","Talon","505","P1-A10","P1","A","10","Ewing","Talon","203","9","2","AgriMaxx-505",38.096467,-88.84535,182,14.8,52.6,74.79666733,87,38.95,0.077,NA,NA,0.213030026,57.15874276,0.240690066,223.6067977
"D18-T1","18","D18-T1","debris","D","T1","","Talon","505","P2-H7","P2","H","7","Ewing","Talon","203","9","2","AgriMaxx-505",38.096467,-88.84535,182,14.8,52.6,74.79666733,87,38.95,0.077,NA,NA,0.213030026,57.15874276,0.240690066,223.6067977
"L18-T2","18","L18-T2","leaf","L","T2","","Talon","505","P2-A5","P2","A","5","Ewing","Talon","203","9","2","AgriMaxx-505",38.096467,-88.84535,182,14.8,52.6,74.79666733,87,38.95,0.077,NA,NA,0.213030026,57.15874276,0.240690066,223.6067977
"D18-T2","18","D18-T2","debris","D","T2","","Talon","505","P2-B7","P2","B","7","Ewing","Talon","203","9","2","AgriMaxx-505",38.096467,-88.84535,182,14.8,52.6,74.79666733,87,38.95,0.077,NA,NA,0.213030026,57.15874276,0.240690066,223.6067977
"L18-T3","18","L18-T3","leaf","L","T3","","Talon","505","P2-A8","P2","A","8","Ewing","Talon","203","9","2","AgriMaxx-505",38.096467,-88.84535,182,14.8,52.6,74.79666733,87,38.95,0.077,NA,NA,0.213030026,57.15874276,0.240690066,223.6067977
"H18-T4","18","H18-T4","head","H","T4","","Talon","505","P2-H9","P2","H","9","Ewing","Talon","203","9","2","AgriMaxx-505",38.096467,-88.84535,182,14.8,52.6,74.79666733,87,38.95,0.077,NA,NA,0.213030026,57.15874276,0.240690066,223.6067977
"H18-T3","18","H18-T3","head","H","T3","","Talon","505","P3-E3","P3","E","3","Ewing","Talon","203","9","2","AgriMaxx-505",38.096467,-88.84535,182,14.8,52.6,74.79666733,87,38.95,0.077,NA,NA,0.213030026,57.15874276,0.240690066,223.6067977
"L18-T4","18","L18-T4","leaf","L","T4","","Talon","505","P2-E5","P2","E","5","Ewing","Talon","203","9","2","AgriMaxx-505",38.096467,-88.84535,182,14.8,52.6,74.79666733,87,38.95,0.077,NA,NA,0.213030026,57.15874276,0.240690066,223.6067977
"H18-T5-HI","18","H18-T5-HI","head","H","T5","Hi","Talon","505","P2-H3","P2","H","3","Ewing","Talon","203","9","2","AgriMaxx-505",38.096467,-88.84535,182,14.8,52.6,74.79666733,87,38.95,0.077,NA,NA,0.213030026,57.15874276,0.240690066,223.6067977
"H18-T5-LO","18","H18-T5-LO","head","H","T5","Lo","Talon","505","P3-F3","P3","F","3","Ewing","Talon","203","9","2","AgriMaxx-505",38.096467,-88.84535,182,14.8,52.6,74.79666733,87,38.95,0.077,NA,NA,0.213030026,57.15874276,0.240690066,223.6067977
"L19-T1","19","L19-T1","leaf","L","T1","","Talon","505","P2-B11","P2","B","11","Ewing","Talon","301","9","3","AgriMaxx-505",38.096467,-88.845283,166,13.2,56.8,69.50228423,87,51.975,0.451,0.109,24.22,3.198746795,5.902423255,2.045984411,7.156484905
"L19-T2","19","L19-T2","leaf","L","T2","","Talon","505","P2-F8","P2","F","8","Ewing","Talon","301","9","3","AgriMaxx-505",38.096467,-88.845283,166,13.2,56.8,69.50228423,87,51.975,0.451,0.109,24.22,3.198746795,5.902423255,2.045984411,7.156484905
"H19-T4","19","H19-T4","head","H","T4","","Talon","505","P1-B8","P1","B","8","Ewing","Talon","301","9","3","AgriMaxx-505",38.096467,-88.845283,166,13.2,56.8,69.50228423,87,51.975,0.451,0.109,24.22,3.198746795,5.902423255,2.045984411,7.156484905
"D19-T1","19","D19-T1","debris","D","T1","","Talon","505","P1-A1","P1","A","1","Ewing","Talon","301","9","3","AgriMaxx-505",38.096467,-88.845283,166,13.2,56.8,69.50228423,87,51.975,0.451,0.109,24.22,3.198746795,5.902423255,2.045984411,7.156484905
"L19-T3","19","L19-T3","leaf","L","T3","","Talon","505","P1-F2","P1","F","2","Ewing","Talon","301","9","3","AgriMaxx-505",38.096467,-88.845283,166,13.2,56.8,69.50228423,87,51.975,0.451,0.109,24.22,3.198746795,5.902423255,2.045984411,7.156484905
"H19-T5-HI","19","H19-T5-HI","head","H","T5","Hi","Talon","505","P2-B10","P2","B","10","Ewing","Talon","301","9","3","AgriMaxx-505",38.096467,-88.845283,166,13.2,56.8,69.50228423,87,51.975,0.451,0.109,24.22,3.198746795,5.902423255,2.045984411,7.156484905
"D19-T2","19","D19-T2","debris","D","T2","","Talon","505","P2-D7","P2","D","7","Ewing","Talon","301","9","3","AgriMaxx-505",38.096467,-88.845283,166,13.2,56.8,69.50228423,87,51.975,0.451,0.109,24.22,3.198746795,5.902423255,2.045984411,7.156484905
"L19-T4","19","L19-T4","leaf","L","T4","","Talon","505","P1-D3","P1","D","3","Ewing","Talon","301","9","3","AgriMaxx-505",38.096467,-88.845283,166,13.2,56.8,69.50228423,87,51.975,0.451,0.109,24.22,3.198746795,5.902423255,2.045984411,7.156484905
"H19-T3","19","H19-T3","head","H","T3","","Talon","505","P3-G6","P3","G","6","Ewing","Talon","301","9","3","AgriMaxx-505",38.096467,-88.845283,166,13.2,56.8,69.50228423,87,51.975,0.451,0.109,24.22,3.198746795,5.902423255,2.045984411,7.156484905
"H19-T5-LO","19","H19-T5-LO","head","H","T5","Lo","Talon","505","P1-D8","P1","D","8","Ewing","Talon","301","9","3","AgriMaxx-505",38.096467,-88.845283,166,13.2,56.8,69.50228423,87,51.975,0.451,0.109,24.22,3.198746795,5.902423255,2.045984411,7.156484905
"D20-T1","20","D20-T1","debris","D","T1","","Talon","495","P2-F7","P2","F","7","Ewing","Talon","302","8","3","AgriMaxx-495",38.096467,-88.845217,178,12.5,58.7,75.12756627,87,54.1375,0.487,0.131,26.807,1.901601105,10.83073154,1.550836675,6.290479808
"L20-T1","20","L20-T1","leaf","L","T1","","Talon","495","P1-C5","P1","C","5","Ewing","Talon","302","8","3","AgriMaxx-495",38.096467,-88.845217,178,12.5,58.7,75.12756627,87,54.1375,0.487,0.131,26.807,1.901601105,10.83073154,1.550836675,6.290479808
"D20-T2","20","D20-T2","debris","D","T2","","Talon","495","P2-G3","P2","G","3","Ewing","Talon","302","8","3","AgriMaxx-495",38.096467,-88.845217,178,12.5,58.7,75.12756627,87,54.1375,0.487,0.131,26.807,1.901601105,10.83073154,1.550836675,6.290479808
"L20-T2","20","L20-T2","leaf","L","T2","","Talon","495","P3-A4","P3","A","4","Ewing","Talon","302","8","3","AgriMaxx-495",38.096467,-88.845217,178,12.5,58.7,75.12756627,87,54.1375,0.487,0.131,26.807,1.901601105,10.83073154,1.550836675,6.290479808
"H20-T4","20","H20-T4","head","H","T4","","Talon","495","P2-B8","P2","B","8","Ewing","Talon","302","8","3","AgriMaxx-495",38.096467,-88.845217,178,12.5,58.7,75.12756627,87,54.1375,0.487,0.131,26.807,1.901601105,10.83073154,1.550836675,6.290479808
"H20-T3","20","H20-T3","head","H","T3","","Talon","495","P1-E6","P1","E","6","Ewing","Talon","302","8","3","AgriMaxx-495",38.096467,-88.845217,178,12.5,58.7,75.12756627,87,54.1375,0.487,0.131,26.807,1.901601105,10.83073154,1.550836675,6.290479808
"L20-T3","20","L20-T3","leaf","L","T3","","Talon","495","P2-A7","P2","A","7","Ewing","Talon","302","8","3","AgriMaxx-495",38.096467,-88.845217,178,12.5,58.7,75.12756627,87,54.1375,0.487,0.131,26.807,1.901601105,10.83073154,1.550836675,6.290479808
"H20-T5-HI","20","H20-T5-HI","head","H","T5","Hi","Talon","495","P2-D5","P2","D","5","Ewing","Talon","302","8","3","AgriMaxx-495",38.096467,-88.845217,178,12.5,58.7,75.12756627,87,54.1375,0.487,0.131,26.807,1.901601105,10.83073154,1.550836675,6.290479808
"L20-T4","20","L20-T4","leaf","L","T4","","Talon","495","P3-C6","P3","C","6","Ewing","Talon","302","8","3","AgriMaxx-495",38.096467,-88.845217,178,12.5,58.7,75.12756627,87,54.1375,0.487,0.131,26.807,1.901601105,10.83073154,1.550836675,6.290479808
"H20-T5-LO","20","H20-T5-LO","head","H","T5","Lo","Talon","495","P3-D4","P3","D","4","Ewing","Talon","302","8","3","AgriMaxx-495",38.096467,-88.845217,178,12.5,58.7,75.12756627,87,54.1375,0.487,0.131,26.807,1.901601105,10.83073154,1.550836675,6.290479808
"L21-T1","21","L21-T1","leaf","L","T1","","Talon","492","P3-C2","P3","C","2","Ewing","Talon","303","5","3","AgriMaxx-492",38.096467,-88.84515,172,13.9,52.4,71.43365358,87,50.15,0.804,0.305,37.88,3.207684961,73.01907878,2.226455306,9.173438332
"L21-T2","21","L21-T2","leaf","L","T2","","Talon","492","P2-F11","P2","F","11","Ewing","Talon","303","5","3","AgriMaxx-492",38.096467,-88.84515,172,13.9,52.4,71.43365358,87,50.15,0.804,0.305,37.88,3.207684961,73.01907878,2.226455306,9.173438332
"H21-T4","21","H21-T4","head","H","T4","","Talon","492","P3-F1","P3","F","1","Ewing","Talon","303","5","3","AgriMaxx-492",38.096467,-88.84515,172,13.9,52.4,71.43365358,87,50.15,0.804,0.305,37.88,3.207684961,73.01907878,2.226455306,9.173438332
"D21-T2","21","D21-T2","debris","D","T2","","Talon","492","P3-A5","P3","A","5","Ewing","Talon","303","5","3","AgriMaxx-492",38.096467,-88.84515,172,13.9,52.4,71.43365358,87,50.15,0.804,0.305,37.88,3.207684961,73.01907878,2.226455306,9.173438332
"D21-T1","21","D21-T1","debris","D","T1","","Talon","492","P3-C5","P3","C","5","Ewing","Talon","303","5","3","AgriMaxx-492",38.096467,-88.84515,172,13.9,52.4,71.43365358,87,50.15,0.804,0.305,37.88,3.207684961,73.01907878,2.226455306,9.173438332
"H21-T5-HI","21","H21-T5-HI","head","H","T5","Hi","Talon","492","P1-E8","P1","E","8","Ewing","Talon","303","5","3","AgriMaxx-492",38.096467,-88.84515,172,13.9,52.4,71.43365358,87,50.15,0.804,0.305,37.88,3.207684961,73.01907878,2.226455306,9.173438332
"H21-T3","21","H21-T3","head","H","T3","","Talon","492","P1-G3","P1","G","3","Ewing","Talon","303","5","3","AgriMaxx-492",38.096467,-88.84515,172,13.9,52.4,71.43365358,87,50.15,0.804,0.305,37.88,3.207684961,73.01907878,2.226455306,9.173438332
"L21-T4","21","L21-T4","leaf","L","T4","","Talon","492","P2-H6","P2","H","6","Ewing","Talon","303","5","3","AgriMaxx-492",38.096467,-88.84515,172,13.9,52.4,71.43365358,87,50.15,0.804,0.305,37.88,3.207684961,73.01907878,2.226455306,9.173438332
"L21-T3","21","L21-T3","leaf","L","T3","","Talon","492","P3-E6","P3","E","6","Ewing","Talon","303","5","3","AgriMaxx-492",38.096467,-88.84515,172,13.9,52.4,71.43365358,87,50.15,0.804,0.305,37.88,3.207684961,73.01907878,2.226455306,9.173438332
"H21-T5-LO","21","H21-T5-LO","head","H","T5","Lo","Talon","492","P1-E4","P1","E","4","Ewing","Talon","303","5","3","AgriMaxx-492",38.096467,-88.84515,172,13.9,52.4,71.43365358,87,50.15,0.804,0.305,37.88,3.207684961,73.01907878,2.226455306,9.173438332
"L22-T1","22","L22-T1","leaf","L","T1","","Talon","495","P1-E11","P1","E","11","Ewing","Talon","401","8","4","AgriMaxx-495",38.096467,-88.845083,186,13.8,54.4,77.33773969,87,63.8375,0.376,0.137,36.458,2.783528803,1.588859161,2.14551022,7.907905426
"H22-T4","22","H22-T4","head","H","T4","","Talon","495","P1-A4","P1","A","4","Ewing","Talon","401","8","4","AgriMaxx-495",38.096467,-88.845083,186,13.8,54.4,77.33773969,87,63.8375,0.376,0.137,36.458,2.783528803,1.588859161,2.14551022,7.907905426
"L22-T2","22","L22-T2","leaf","L","T2","","Talon","495","P2-D4","P2","D","4","Ewing","Talon","401","8","4","AgriMaxx-495",38.096467,-88.845083,186,13.8,54.4,77.33773969,87,63.8375,0.376,0.137,36.458,2.783528803,1.588859161,2.14551022,7.907905426
"H22-T5-HI","22","H22-T5-HI","head","H","T5","Hi","Talon","495","P1-A3","P1","A","3","Ewing","Talon","401","8","4","AgriMaxx-495",38.096467,-88.845083,186,13.8,54.4,77.33773969,87,63.8375,0.376,0.137,36.458,2.783528803,1.588859161,2.14551022,7.907905426
"D22-T2","22","D22-T2","debris","D","T2","","Talon","495","P2-F1","P2","F","1","Ewing","Talon","401","8","4","AgriMaxx-495",38.096467,-88.845083,186,13.8,54.4,77.33773969,87,63.8375,0.376,0.137,36.458,2.783528803,1.588859161,2.14551022,7.907905426
"D22-T1","22","D22-T1","debris","D","T1","","Talon","495","P3-C1","P3","C","1","Ewing","Talon","401","8","4","AgriMaxx-495",38.096467,-88.845083,186,13.8,54.4,77.33773969,87,63.8375,0.376,0.137,36.458,2.783528803,1.588859161,2.14551022,7.907905426
"L22-T3","22","L22-T3","leaf","L","T3","","Talon","495","P3-G5","P3","G","5","Ewing","Talon","401","8","4","AgriMaxx-495",38.096467,-88.845083,186,13.8,54.4,77.33773969,87,63.8375,0.376,0.137,36.458,2.783528803,1.588859161,2.14551022,7.907905426
"H22-T3","22","H22-T3","head","H","T3","","Talon","495","P3-B4","P3","B","4","Ewing","Talon","401","8","4","AgriMaxx-495",38.096467,-88.845083,186,13.8,54.4,77.33773969,87,63.8375,0.376,0.137,36.458,2.783528803,1.588859161,2.14551022,7.907905426
"L22-T4","22","L22-T4","leaf","L","T4","","Talon","495","P1-E9","P1","E","9","Ewing","Talon","401","8","4","AgriMaxx-495",38.096467,-88.845083,186,13.8,54.4,77.33773969,87,63.8375,0.376,0.137,36.458,2.783528803,1.588859161,2.14551022,7.907905426
"H22-T5-LO","22","H22-T5-LO","head","H","T5","Lo","Talon","495","P1-B2","P1","B","2","Ewing","Talon","401","8","4","AgriMaxx-495",38.096467,-88.845083,186,13.8,54.4,77.33773969,87,63.8375,0.376,0.137,36.458,2.783528803,1.588859161,2.14551022,7.907905426
"L23-T1","23","L23-T1","leaf","L","T1","","Talon","505","P2-C9","P2","C","9","Ewing","Talon","402","9","4","AgriMaxx-505",38.09645,-88.845017,172,13.7,52.7,71.59958541,87,50.075,0.146,0.075,51.213,0.137264947,173.2050808,0.251962831,223.6067977
"L23-T2","23","L23-T2","leaf","L","T2","","Talon","505","P2-A1","P2","A","1","Ewing","Talon","402","9","4","AgriMaxx-505",38.09645,-88.845017,172,13.7,52.7,71.59958541,87,50.075,0.146,0.075,51.213,0.137264947,173.2050808,0.251962831,223.6067977
"D23-T2","23","D23-T2","debris","D","T2","","Talon","505","P1-C11","P1","C","11","Ewing","Talon","402","9","4","AgriMaxx-505",38.09645,-88.845017,172,13.7,52.7,71.59958541,87,50.075,0.146,0.075,51.213,0.137264947,173.2050808,0.251962831,223.6067977
"D23-T1","23","D23-T1","debris","D","T1","","Talon","505","P1-B6","P1","B","6","Ewing","Talon","402","9","4","AgriMaxx-505",38.09645,-88.845017,172,13.7,52.7,71.59958541,87,50.075,0.146,0.075,51.213,0.137264947,173.2050808,0.251962831,223.6067977
"H23-T4","23","H23-T4","head","H","T4","","Talon","505","P2-A2","P2","A","2","Ewing","Talon","402","9","4","AgriMaxx-505",38.09645,-88.845017,172,13.7,52.7,71.59958541,87,50.075,0.146,0.075,51.213,0.137264947,173.2050808,0.251962831,223.6067977
"H23-T3","23","H23-T3","head","H","T3","","Talon","505","P3-A1","P3","A","1","Ewing","Talon","402","9","4","AgriMaxx-505",38.09645,-88.845017,172,13.7,52.7,71.59958541,87,50.075,0.146,0.075,51.213,0.137264947,173.2050808,0.251962831,223.6067977
"L23-T4","23","L23-T4","leaf","L","T4","","Talon","505","P1-G10","P1","G","10","Ewing","Talon","402","9","4","AgriMaxx-505",38.09645,-88.845017,172,13.7,52.7,71.59958541,87,50.075,0.146,0.075,51.213,0.137264947,173.2050808,0.251962831,223.6067977
"H23-T5-HI","23","H23-T5-HI","head","H","T5","Hi","Talon","505","P1-C1","P1","C","1","Ewing","Talon","402","9","4","AgriMaxx-505",38.09645,-88.845017,172,13.7,52.7,71.59958541,87,50.075,0.146,0.075,51.213,0.137264947,173.2050808,0.251962831,223.6067977
"H23-T5-LO","23","H23-T5-LO","head","H","T5","Lo","Talon","505","P2-G12","P2","G","12","Ewing","Talon","402","9","4","AgriMaxx-505",38.09645,-88.845017,172,13.7,52.7,71.59958541,87,50.075,0.146,0.075,51.213,0.137264947,173.2050808,0.251962831,223.6067977
"L23-T3","23","L23-T3","leaf","L","T3","","Talon","505","P2-B5","P2","B","5","Ewing","Talon","402","9","4","AgriMaxx-505",38.09645,-88.845017,172,13.7,52.7,71.59958541,87,50.075,0.146,0.075,51.213,0.137264947,173.2050808,0.251962831,223.6067977
"H24-T5-HI","24","H24-T5-HI","head","H","T5","Hi","Talon","492","P1-D6","P1","D","6","Ewing","Talon","403","5","4","AgriMaxx-492",38.096467,-88.84495,172,14.1,52.4,71.26772175,87,60.625,0.351,0.174,49.582,2.449112251,23.12179949,1.78789801,8.179415739
"L24-T2","24","L24-T2","leaf","L","T2","","Talon","492","P1-D4","P1","D","4","Ewing","Talon","403","5","4","AgriMaxx-492",38.096467,-88.84495,172,14.1,52.4,71.26772175,87,60.625,0.351,0.174,49.582,2.449112251,23.12179949,1.78789801,8.179415739
"D24-T2","24","D24-T2","debris","D","T2","","Talon","492","P1-B7","P1","B","7","Ewing","Talon","403","5","4","AgriMaxx-492",38.096467,-88.84495,172,14.1,52.4,71.26772175,87,60.625,0.351,0.174,49.582,2.449112251,23.12179949,1.78789801,8.179415739
"H24-T4","24","H24-T4","head","H","T4","","Talon","492","P2-C5","P2","C","5","Ewing","Talon","403","5","4","AgriMaxx-492",38.096467,-88.84495,172,14.1,52.4,71.26772175,87,60.625,0.351,0.174,49.582,2.449112251,23.12179949,1.78789801,8.179415739
"H24-T3","24","H24-T3","head","H","T3","","Talon","492","P2-G9","P2","G","9","Ewing","Talon","403","5","4","AgriMaxx-492",38.096467,-88.84495,172,14.1,52.4,71.26772175,87,60.625,0.351,0.174,49.582,2.449112251,23.12179949,1.78789801,8.179415739
"L24-T4","24","L24-T4","leaf","L","T4","","Talon","492","P1-F9","P1","F","9","Ewing","Talon","403","5","4","AgriMaxx-492",38.096467,-88.84495,172,14.1,52.4,71.26772175,87,60.625,0.351,0.174,49.582,2.449112251,23.12179949,1.78789801,8.179415739
"L24-T3","24","L24-T3","leaf","L","T3","","Talon","492","P1-F6","P1","F","6","Ewing","Talon","403","5","4","AgriMaxx-492",38.096467,-88.84495,172,14.1,52.4,71.26772175,87,60.625,0.351,0.174,49.582,2.449112251,23.12179949,1.78789801,8.179415739
"D24-T1","24","D24-T1","debris","D","T1","","Talon","492","P1-G7","P1","G","7","Ewing","Talon","403","5","4","AgriMaxx-492",38.096467,-88.84495,172,14.1,52.4,71.26772175,87,60.625,0.351,0.174,49.582,2.449112251,23.12179949,1.78789801,8.179415739
"L24-T1","24","L24-T1","leaf","L","T1","","Talon","492","P1-B1","P1","B","1","Ewing","Talon","403","5","4","AgriMaxx-492",38.096467,-88.84495,172,14.1,52.4,71.26772175,87,60.625,0.351,0.174,49.582,2.449112251,23.12179949,1.78789801,8.179415739
"H24-T5-LO","24","H24-T5-LO","head","H","T5","Lo","Talon","492","P2-F3","P2","F","3","Ewing","Talon","403","5","4","AgriMaxx-492",38.096467,-88.84495,172,14.1,52.4,71.26772175,87,60.625,0.351,0.174,49.582,2.449112251,23.12179949,1.78789801,8.179415739
"PCR1-Blk-A",NA,"PCR1-Blk-A","negative","","","","",NA,"P1-F3","P1","F","3",NA,NA,NA,NA,NA,NA,NA,NA,NA,NA,NA,NA,NA,NA,NA,NA,NA,NA,NA,NA,NA
"PCR1-Blk-C",NA,"PCR1-Blk-C","negative","","","","",NA,"P3-G2","P3","G","2",NA,NA,NA,NA,NA,NA,NA,NA,NA,NA,NA,NA,NA,NA,NA,NA,NA,NA,NA,NA,NA
"PCR2-Blank",NA,"PCR2-Blank","negative","","","","",NA,"","","",NA,NA,NA,NA,NA,NA,NA,NA,NA,NA,NA,NA,NA,NA,NA,NA,NA,NA,NA,NA,NA,NA
